<?xml version="1.0" encoding="utf-8"?>
<!DOCTYPE hibernate-mapping PUBLIC "-//Hibernate/Hibernate Mapping DTD 3.0//EN"
"http://www.hibernate.org/dtd/hibernate-mapping-3.0.dtd">
<!-- 
    Mapping file autogenerated by MyEclipse Persistence Tools
-->
<hibernate-mapping>
    <class name="beans.Classs" table="Classs" schema="dbo" catalog="TestSystem">
        <id name="cid" type="java.lang.Integer">
            <column name="cid" />
            <generator class="native"></generator>
        </id>
        <property name="cname" type="java.lang.String">
            <column name="cname" not-null="true" />
        </property>
        <set name="studentses" inverse="true">
            <key>
                <column name="sclass" not-null="true" />
            </key>
            <one-to-many class="beans.Students" />
        </set>
        <set name="testPapersClasses" inverse="true">
            <key>
                <column name="ccid" not-null="true" />
            </key>
            <one-to-many class="beans.TestPapersClass" />
        </set>
    </class>
</hibernate-mapping>
