<?xml version="1.0" encoding="utf-8"?>
<!DOCTYPE hibernate-mapping PUBLIC "-//Hibernate/Hibernate Mapping DTD 3.0//EN"
"http://www.hibernate.org/dtd/hibernate-mapping-3.0.dtd">
<!-- 
    Mapping file autogenerated by MyEclipse Persistence Tools
-->
<hibernate-mapping>
    <class name="beans.Directions" table="Directions" schema="dbo" catalog="TestSystem">
        <id name="did" type="java.lang.Integer">
            <column name="did" />
            <generator class="native"></generator>
        </id>
        <property name="dname" type="java.lang.String">
            <column name="dname" not-null="true" />
        </property>
        <set name="stageses" inverse="true">
            <key>
                <column name="did" not-null="true" />
            </key>
            <one-to-many class="beans.Stages" />
        </set>
        <set name="studentses" inverse="true">
            <key>
                <column name="sdirection" />
            </key>
            <one-to-many class="beans.Students" />
        </set>
    </class>
</hibernate-mapping>
