<?xml version="1.0" encoding="utf-8"?>
<!DOCTYPE hibernate-mapping PUBLIC "-//Hibernate/Hibernate Mapping DTD 3.0//EN"
"http://www.hibernate.org/dtd/hibernate-mapping-3.0.dtd">
<!-- 
    Mapping file autogenerated by MyEclipse Persistence Tools
-->
<hibernate-mapping>
    <class name="beans.Doors" table="Doors" schema="dbo" catalog="TestSystem">
        <id name="did" type="java.lang.Integer">
            <column name="did" />
            <generator class="native"></generator>
        </id>
        <many-to-one name="rooms" class="beans.Rooms" fetch="select">
            <column name="rid" not-null="true" />
        </many-to-one>
        <property name="rdid" type="java.lang.Integer">
            <column name="rdid" not-null="true" />
        </property>
    </class>
</hibernate-mapping>
