<?xml version="1.0" encoding="utf-8"?>
<!DOCTYPE hibernate-mapping PUBLIC "-//Hibernate/Hibernate Mapping DTD 3.0//EN"
"http://www.hibernate.org/dtd/hibernate-mapping-3.0.dtd">
<!-- 
    Mapping file autogenerated by MyEclipse Persistence Tools
-->
<hibernate-mapping>
    <class name="beans.Levels" table="Levels" schema="dbo" catalog="TestSystem">
        <id name="lid" type="java.lang.Integer">
            <column name="lid" />
            <generator class="native"></generator>
        </id>
        <property name="lname" type="java.lang.String">
            <column name="lname" not-null="true" />
        </property>
        <set name="questionses" inverse="true">
            <key>
                <column name="qlevel" not-null="true" />
            </key>
            <one-to-many class="beans.Questions" />
        </set>
    </class>
</hibernate-mapping>
