<?xml version="1.0" encoding="utf-8"?>
<!DOCTYPE hibernate-mapping PUBLIC "-//Hibernate/Hibernate Mapping DTD 3.0//EN"
"http://www.hibernate.org/dtd/hibernate-mapping-3.0.dtd">
<!-- 
    Mapping file autogenerated by MyEclipse Persistence Tools
-->
<hibernate-mapping>
    <class name="beans.Provides" table="Provides" schema="dbo" catalog="TestSystem">
        <id name="pid" type="java.lang.Integer">
            <column name="pid" />
            <generator class="native"></generator>
        </id>
        <property name="pname" type="java.lang.String">
            <column name="pname" not-null="true" />
        </property>
        <set name="studentses" inverse="true">
            <key>
                <column name="sprovide" />
            </key>
            <one-to-many class="beans.Students" />
        </set>
        <set name="cityses" inverse="true">
            <key>
                <column name="pid" not-null="true" />
            </key>
            <one-to-many class="beans.Citys" />
        </set>
    </class>
</hibernate-mapping>
