<?xml version="1.0" encoding="utf-8"?>
<!DOCTYPE hibernate-mapping PUBLIC "-//Hibernate/Hibernate Mapping DTD 3.0//EN"
"http://www.hibernate.org/dtd/hibernate-mapping-3.0.dtd">
<!-- 
    Mapping file autogenerated by MyEclipse Persistence Tools
-->
<hibernate-mapping>
    <class name="beans.Questions" table="Questions" schema="dbo" catalog="TestSystem">
        <id name="qid" type="java.lang.Integer">
            <column name="qid" />
            <generator class="native"></generator>
        </id>
        <many-to-one name="tests" class="beans.Tests" fetch="select" lazy="false">
            <column name="qtid" not-null="true" />
        </many-to-one>
        <many-to-one name="levels" class="beans.Levels" fetch="select" lazy="false">
            <column name="qlevel" not-null="true" />
        </many-to-one>
        <property name="qtype" type="java.lang.Integer">
            <column name="qtype" not-null="true" />
        </property>
        <property name="qname" type="java.lang.String">
            <column name="qname" not-null="true" />
        </property>
        <property name="qa" type="java.lang.Integer">
            <column name="qa" not-null="true" />
        </property>
        <property name="qb" type="java.lang.Integer">
            <column name="qb" not-null="true" />
        </property>
        <property name="qc" type="java.lang.Integer">
            <column name="qc" not-null="true" />
        </property>
        <property name="qd" type="java.lang.Integer">
            <column name="qd" not-null="true" />
        </property>
        <property name="qchapter" type="java.lang.String">
            <column name="qchapter" not-null="true" />
        </property>
        <property name="qta" type="java.lang.String">
            <column name="qta" not-null="true" />
        </property>
        <property name="qtb" type="java.lang.String">
            <column name="qtb" not-null="true" />
        </property>
        <property name="qtc" type="java.lang.String">
            <column name="qtc" not-null="true" />
        </property>
        <property name="qtd" type="java.lang.String">
            <column name="qtd" not-null="true" />
        </property>
        <set name="testPapersAnswerses" inverse="true">
            <key>
                <column name="qid" not-null="true" />
            </key>
            <one-to-many class="beans.TestPapersAnswers" />
        </set>
        <set name="testPapersPaperses" inverse="true">
            <key>
                <column name="pqid" not-null="true" />
            </key>
            <one-to-many class="beans.TestPapersPapers" />
        </set>
        <set name="paperses" inverse="true">
            <key>
                <column name="pqid" not-null="true" />
            </key>
            <one-to-many class="beans.Papers" />
        </set>
    </class>
</hibernate-mapping>
