<?xml version="1.0" encoding="utf-8"?>
<!DOCTYPE hibernate-mapping PUBLIC "-//Hibernate/Hibernate Mapping DTD 3.0//EN"
"http://www.hibernate.org/dtd/hibernate-mapping-3.0.dtd">
<!-- 
    Mapping file autogenerated by MyEclipse Persistence Tools
-->
<hibernate-mapping>
    <class name="beans.Rooms" table="Rooms" schema="dbo" catalog="TestSystem">
        <id name="rid" type="java.lang.Integer">
            <column name="rid" />
            <generator class="native"></generator>
        </id>
        <property name="rname" type="java.lang.String">
            <column name="rname" not-null="true" />
        </property>
        <set name="studentses" inverse="true">
            <key>
                <column name="srid" />
            </key>
            <one-to-many class="beans.Students" />
        </set>
        <set name="doorses" inverse="true">
            <key>
                <column name="rid" not-null="true" />
            </key>
            <one-to-many class="beans.Doors" />
        </set>
    </class>
</hibernate-mapping>
