<?xml version="1.0" encoding="utf-8"?>
<!DOCTYPE hibernate-mapping PUBLIC "-//Hibernate/Hibernate Mapping DTD 3.0//EN"
"http://www.hibernate.org/dtd/hibernate-mapping-3.0.dtd">
<!-- 
    Mapping file autogenerated by MyEclipse Persistence Tools
-->
<hibernate-mapping>
    <class name="beans.Students" table="Students" schema="dbo" catalog="TestSystem">
        <id name="sid" type="java.lang.Integer">
            <column name="sid" />
            <generator class="native"></generator>
        </id>
        <many-to-one name="rooms" class="beans.Rooms" fetch="select">
            <column name="srid" />
        </many-to-one>
        <many-to-one name="accounts" class="beans.Accounts" fetch="select">
            <column name="said" not-null="true" />
        </many-to-one>
        <many-to-one name="classs" class="beans.Classs" fetch="select">
            <column name="sclass" not-null="true" />
        </many-to-one>
        <many-to-one name="directions" class="beans.Directions" fetch="select">
            <column name="sdirection" />
        </many-to-one>
        <many-to-one name="provides" class="beans.Provides" fetch="select">
            <column name="sprovide" />
        </many-to-one>
        <many-to-one name="citys" class="beans.Citys" fetch="select">
            <column name="scity" />
        </many-to-one>
        <many-to-one name="skills" class="beans.Skills" fetch="select">
            <column name="sskill" />
        </many-to-one>
        <property name="sname" type="java.lang.String">
            <column name="sname" not-null="true" />
        </property>
        <property name="ssex" type="java.lang.String">
            <column name="ssex" length="1" not-null="true" />
        </property>
        <property name="sintime" type="java.lang.Long">
            <column name="sintime" not-null="true" />
        </property>
        <property name="sbirthday" type="java.lang.Long">
            <column name="sbirthday" />
        </property>
        <property name="sidcard" type="java.lang.String">
            <column name="sidcard" />
        </property>
        <property name="stel" type="java.lang.String">
            <column name="stel" />
        </property>
        <property name="sptel" type="java.lang.String">
            <column name="sptel" />
        </property>
        <property name="sdid" type="java.lang.Integer">
            <column name="sdid" />
        </property>
        <property name="sface" type="java.lang.String">
            <column name="sface" />
        </property>
        <property name="saddress" type="java.lang.String">
            <column name="saddress" />
        </property>
        <property name="spinfo" type="java.lang.String">
            <column name="spinfo" />
        </property>
        <property name="sbaseinfo" type="java.lang.String">
            <column name="sbaseinfo" />
        </property>
        <property name="sbackground" type="java.lang.String">
            <column name="sbackground" />
        </property>
        <set name="testPapersScores" inverse="true">
            <key>
                <column name="ssid" not-null="true" />
            </key>
            <one-to-many class="beans.TestPapersScore" />
        </set>
    </class>
</hibernate-mapping>
