<?xml version="1.0" encoding="utf-8"?>
<!DOCTYPE hibernate-mapping PUBLIC "-//Hibernate/Hibernate Mapping DTD 3.0//EN"
"http://www.hibernate.org/dtd/hibernate-mapping-3.0.dtd">
<!-- 
    Mapping file autogenerated by MyEclipse Persistence Tools
-->
<hibernate-mapping>
    <class name="beans.TestPapersAnswers" table="TestPapersAnswers" schema="dbo" catalog="TestSystem">
        <id name="aid" type="java.lang.Integer">
            <column name="aid" />
            <generator class="native"></generator>
        </id>
        <many-to-one name="questions" class="beans.Questions" fetch="select" lazy="false">
            <column name="qid" not-null="true" />
        </many-to-one>
        <many-to-one name="testPapersScore" class="beans.TestPapersScore" fetch="select" lazy="false">
            <column name="sid" not-null="true" />
        </many-to-one>
        <property name="qa" type="java.lang.Integer">
            <column name="qa" not-null="true" />
        </property>
        <property name="qb" type="java.lang.Integer">
            <column name="qb" not-null="true" />
        </property>
        <property name="qc" type="java.lang.Integer">
            <column name="qc" not-null="true" />
        </property>
        <property name="qd" type="java.lang.Integer">
            <column name="qd" not-null="true" />
        </property>
    </class>
</hibernate-mapping>
