<?xml version="1.0" encoding="utf-8"?>
<!DOCTYPE hibernate-mapping PUBLIC "-//Hibernate/Hibernate Mapping DTD 3.0//EN"
"http://www.hibernate.org/dtd/hibernate-mapping-3.0.dtd">
<!-- 
    Mapping file autogenerated by MyEclipse Persistence Tools
-->
<hibernate-mapping>
    <class name="beans.TestPapersClass" table="TestPapersClass" schema="dbo" catalog="TestSystem">
        <id name="cid" type="java.lang.Integer">
            <column name="cid" />
            <generator class="native"></generator>
        </id>
        <many-to-one name="classs" class="beans.Classs" fetch="select" lazy="false">
            <column name="ccid" not-null="true" />
        </many-to-one>
        <many-to-one name="testPapers" class="beans.TestPapers" fetch="select" lazy="false">
            <column name="ceid" not-null="true" />
        </many-to-one>
        <property name="cstart" type="java.lang.Long">
            <column name="cstart" not-null="true" />
        </property>
        <set name="testPapersScores" inverse="true">
            <key>
                <column name="scid" not-null="true" />
            </key>
            <one-to-many class="beans.TestPapersScore" />
        </set>
    </class>
</hibernate-mapping>
