<?xml version="1.0" encoding="utf-8"?>
<!DOCTYPE hibernate-mapping PUBLIC "-//Hibernate/Hibernate Mapping DTD 3.0//EN"
"http://www.hibernate.org/dtd/hibernate-mapping-3.0.dtd">
<!-- 
    Mapping file autogenerated by MyEclipse Persistence Tools
-->
<hibernate-mapping>
    <class name="beans.TestPapersScore" table="TestPapersScore" schema="dbo" catalog="TestSystem">
        <id name="sid" type="java.lang.Integer">
            <column name="sid" />
            <generator class="native"></generator>
        </id>
        <many-to-one name="students" class="beans.Students" fetch="select" lazy="false">
            <column name="ssid" not-null="true" />
        </many-to-one>
        <many-to-one name="testPapersClass" class="beans.TestPapersClass" fetch="select" lazy="false">
            <column name="scid" not-null="true" />
        </many-to-one>
        <property name="sstart" type="java.lang.Long">
            <column name="sstart" not-null="true" />
        </property>
        <property name="send" type="java.lang.Long">
            <column name="send" not-null="true" />
        </property>
        <property name="sscore" type="java.lang.Integer">
            <column name="sscore" not-null="true" />
        </property>
        <set name="testPapersAnswerses" inverse="true">
            <key>
                <column name="sid" not-null="true" />
            </key>
            <one-to-many class="beans.TestPapersAnswers" />
        </set>
    </class>
</hibernate-mapping>
