<?xml version="1.0" encoding="utf-8"?>
<!DOCTYPE hibernate-mapping PUBLIC "-//Hibernate/Hibernate Mapping DTD 3.0//EN"
"http://www.hibernate.org/dtd/hibernate-mapping-3.0.dtd">
<!-- 
    Mapping file autogenerated by MyEclipse Persistence Tools
-->
<hibernate-mapping>
    <class name="beans.Accounts" table="Accounts" schema="dbo" catalog="TestSystem">
        <id name="aid" type="java.lang.Integer">
            <column name="aid" />
            <generator class="native"></generator>
        </id>
        <many-to-one name="roles" class="beans.Roles" fetch="select">
            <column name="atype" not-null="true" />
        </many-to-one>
        <property name="aname" type="java.lang.String">
            <column name="aname" not-null="true" />
        </property>
        <property name="apwd" type="java.lang.String">
            <column name="apwd" not-null="true" />
        </property>
        <set name="studentses" inverse="true">
            <key>
                <column name="said" not-null="true" />
            </key>
            <one-to-many class="beans.Students" />
        </set>
        <set name="teacherses" inverse="true">
            <key>
                <column name="taid" not-null="true" />
            </key>
            <one-to-many class="beans.Teachers" />
        </set>
    </class>
</hibernate-mapping>
