<?xml version="1.0" encoding="utf-8"?>
<!DOCTYPE hibernate-mapping PUBLIC "-//Hibernate/Hibernate Mapping DTD 3.0//EN"
"http://www.hibernate.org/dtd/hibernate-mapping-3.0.dtd">
<!-- 
    Mapping file autogenerated by MyEclipse Persistence Tools
-->
<hibernate-mapping>
    <class name="beans.Actions" table="Actions" schema="dbo" catalog="TestSystem">
        <id name="aid" type="java.lang.Integer">
            <column name="aid" />
            <generator class="native"></generator>
        </id>
        <many-to-one name="roles" class="beans.Roles" fetch="select">
            <column name="atype" not-null="true" />
        </many-to-one>
        <property name="aname" type="java.lang.String">
            <column name="aname" not-null="true" />
        </property>
        <property name="aurl" type="java.lang.String">
            <column name="aurl" not-null="true" />
        </property>
    </class>
</hibernate-mapping>
