<?xml version="1.0" encoding="utf-8"?>
<!DOCTYPE hibernate-mapping PUBLIC "-//Hibernate/Hibernate Mapping DTD 3.0//EN"
"http://www.hibernate.org/dtd/hibernate-mapping-3.0.dtd">
<!-- 
    Mapping file autogenerated by MyEclipse Persistence Tools
-->
<hibernate-mapping>
    <class name="beans.Courses" table="Courses" schema="dbo" catalog="TestSystem">
        <id name="cid" type="java.lang.Integer">
            <column name="cid" />
            <generator class="native"></generator>
        </id>
        <many-to-one name="stages" class="beans.Stages" fetch="select">
            <column name="sid" not-null="true" />
        </many-to-one>
        <property name="cname" type="java.lang.String">
            <column name="cname" not-null="true" />
        </property>
    </class>
</hibernate-mapping>
