<?xml version="1.0" encoding="utf-8"?>
<!DOCTYPE hibernate-mapping PUBLIC "-//Hibernate/Hibernate Mapping DTD 3.0//EN"
"http://www.hibernate.org/dtd/hibernate-mapping-3.0.dtd">
<!-- 
    Mapping file autogenerated by MyEclipse Persistence Tools
-->
<hibernate-mapping>
    <class name="beans.Skills" table="Skills" schema="dbo" catalog="TestSystem">
        <id name="sid" type="java.lang.Integer">
            <column name="sid" />
            <generator class="native"></generator>
        </id>
        <property name="sname" type="java.lang.String">
            <column name="sname" not-null="true" />
        </property>
        <set name="studentses" inverse="true">
            <key>
                <column name="sskill" />
            </key>
            <one-to-many class="beans.Students" />
        </set>
    </class>
</hibernate-mapping>
