<?xml version="1.0" encoding="utf-8"?>
<!DOCTYPE hibernate-mapping PUBLIC "-//Hibernate/Hibernate Mapping DTD 3.0//EN"
"http://www.hibernate.org/dtd/hibernate-mapping-3.0.dtd">
<!-- 
    Mapping file autogenerated by MyEclipse Persistence Tools
-->
<hibernate-mapping>
    <class name="beans.Stages" table="Stages" schema="dbo" catalog="TestSystem">
        <id name="sid" type="java.lang.Integer">
            <column name="sid" />
            <generator class="native"></generator>
        </id>
        <many-to-one name="directions" class="beans.Directions" fetch="select" lazy="false">
            <column name="did" not-null="true" />
        </many-to-one>
        <property name="sname" type="java.lang.String">
            <column name="sname" not-null="true" />
        </property>
        <set name="courseses" inverse="true">
            <key>
                <column name="sid" not-null="true" />
            </key>
            <one-to-many class="beans.Courses" />
        </set>
        <set name="testses" inverse="true">
            <key>
                <column name="sid" not-null="true" />
            </key>
            <one-to-many class="beans.Tests" />
        </set>
    </class>
</hibernate-mapping>
