<?xml version="1.0" encoding="utf-8"?>
<!DOCTYPE hibernate-mapping PUBLIC "-//Hibernate/Hibernate Mapping DTD 3.0//EN"
"http://www.hibernate.org/dtd/hibernate-mapping-3.0.dtd">
<!-- 
    Mapping file autogenerated by MyEclipse Persistence Tools
-->
<hibernate-mapping>
    <class name="beans.TeachersType" table="TeachersType" schema="dbo" catalog="TestSystem">
        <id name="tyid" type="java.lang.Integer">
            <column name="tyid" />
            <generator class="native"></generator>
        </id>
        <property name="tyname" type="java.lang.String">
            <column name="tyname" not-null="true" />
        </property>
        <set name="teacherses" inverse="true">
            <key>
                <column name="ttype" not-null="true" />
            </key>
            <one-to-many class="beans.Teachers" />
        </set>
    </class>
</hibernate-mapping>
