<?xml version="1.0" encoding="utf-8"?>
<!DOCTYPE hibernate-mapping PUBLIC "-//Hibernate/Hibernate Mapping DTD 3.0//EN"
"http://www.hibernate.org/dtd/hibernate-mapping-3.0.dtd">
<!-- 
    Mapping file autogenerated by MyEclipse Persistence Tools
-->
<hibernate-mapping>
    <class name="beans.Teachers" table="Teachers" schema="dbo" catalog="TestSystem">
        <id name="tid" type="java.lang.Integer">
            <column name="tid" />
            <generator class="native"></generator>
        </id>
        <many-to-one name="teachersType" class="beans.TeachersType" fetch="select">
            <column name="ttype" not-null="true" />
        </many-to-one>
        <many-to-one name="accounts" class="beans.Accounts" fetch="select">
            <column name="taid" not-null="true" />
        </many-to-one>
        <property name="tname" type="java.lang.String">
            <column name="tname" not-null="true" />
        </property>
        <property name="tsex" type="java.lang.String">
            <column name="tsex" length="1" not-null="true" />
        </property>
        <property name="tbirthday" type="java.lang.Long">
            <column name="tbirthday" not-null="true" />
        </property>
        <property name="texp" type="java.lang.String">
            <column name="texp" not-null="true" />
        </property>
        <property name="ttel" type="java.lang.String">
            <column name="ttel" not-null="true" />
        </property>
        <property name="tinfo" type="java.lang.String">
            <column name="tinfo" />
        </property>
    </class>
</hibernate-mapping>
