<?xml version="1.0" encoding="utf-8"?>
<!DOCTYPE hibernate-mapping PUBLIC "-//Hibernate/Hibernate Mapping DTD 3.0//EN"
"http://www.hibernate.org/dtd/hibernate-mapping-3.0.dtd">
<!-- 
    Mapping file autogenerated by MyEclipse Persistence Tools
-->
<hibernate-mapping>
    <class name="beans.TestPapersPapers" table="TestPapersPapers" schema="dbo" catalog="TestSystem">
        <id name="pid" type="java.lang.Integer">
            <column name="pid" />
            <generator class="native"></generator>
        </id>
        <many-to-one name="questions" class="beans.Questions" fetch="select" lazy="false">
            <column name="pqid" not-null="true" />
        </many-to-one>
        <many-to-one name="testPapers" class="beans.TestPapers" fetch="select" lazy="false">
            <column name="peid" not-null="true" />
        </many-to-one>
    </class>
</hibernate-mapping>
