<?xml version="1.0" encoding="utf-8"?>
<!DOCTYPE hibernate-mapping PUBLIC "-//Hibernate/Hibernate Mapping DTD 3.0//EN"
"http://www.hibernate.org/dtd/hibernate-mapping-3.0.dtd">
<!-- 
    Mapping file autogenerated by MyEclipse Persistence Tools
-->
<hibernate-mapping>
    <class name="beans.TestPapers" table="TestPapers" dynamic-insert="true" dynamic-update="true" schema="dbo" catalog="TestSystem">
        <id name="eid" type="java.lang.Integer">
            <column name="eid" />
            <generator class="native"></generator>
        </id>
        <many-to-one name="tests" class="beans.Tests" fetch="select" lazy="false">
            <column name="etid" not-null="true" />
        </many-to-one>
        <property name="ename" type="java.lang.String">
            <column name="ename" not-null="true" />
        </property>
        <property name="estart" type="java.lang.Long">
            <column name="estart" not-null="true" />
        </property>
        <property name="etime" type="java.lang.Long">
            <column name="etime" not-null="true" />
        </property>
        <property name="eend" type="java.lang.Long">
            <column name="eend" not-null="true" />
        </property>
        <property name="estatus" type="java.lang.Integer">
            <column name="estatus" not-null="true" />
        </property>
        <property name="escore" type="java.lang.Integer">
            <column name="escore" not-null="true" />
        </property>
        <set name="testPapersClasses" inverse="true">
            <key>
                <column name="ceid" not-null="true" />
            </key>
            <one-to-many class="beans.TestPapersClass" />
        </set>
        <set name="paperses" inverse="true">
            <key>
                <column name="peid" not-null="true" />
            </key>
            <one-to-many class="beans.Papers" />
        </set>
        <set name="testPapersPaperses" inverse="true">
            <key>
                <column name="peid" not-null="true" />
            </key>
            <one-to-many class="beans.TestPapersPapers" />
        </set>
    </class>
</hibernate-mapping>
