<?xml version='1.0' encoding='UTF-8'?>
<!DOCTYPE hibernate-configuration PUBLIC
          "-//Hibernate/Hibernate Configuration DTD 3.0//EN"
          "http://www.hibernate.org/dtd/hibernate-configuration-3.0.dtd">
<!-- Generated by MyEclipse Hibernate Tools.                   -->
<hibernate-configuration>

	<session-factory>
		<property name="myeclipse.connection.profile">
			TestSystem
		</property>
		<property name="dialect">
			org.hibernate.dialect.SQLServerDialect
		</property>
		<property name="connection.password">l99999</property>
		<property name="connection.username">sa</property>
		<property name="connection.url">
			jdbc:sqlserver://localhost:1433;databaseName=TestSystem;
		</property>
		<property name="connection.driver_class">
			com.microsoft.sqlserver.jdbc.SQLServerDriver
		</property>
		<property name="show_sql">true</property>
		<mapping resource="beans/Teachers.hbm.xml" />
		<mapping resource="beans/Provides.hbm.xml" />
		<mapping resource="beans/Directions.hbm.xml" />
		<mapping resource="beans/Doors.hbm.xml" />
		<mapping resource="beans/Levels.hbm.xml" />
		<mapping resource="beans/Roles.hbm.xml" />
		<mapping resource="beans/TeachersType.hbm.xml" />
		<mapping resource="beans/Stages.hbm.xml" />
		<mapping resource="beans/Actions.hbm.xml" />
		<mapping resource="beans/Rooms.hbm.xml" />
		<mapping resource="beans/Courses.hbm.xml" />
		<mapping resource="beans/Skills.hbm.xml" />
		<mapping resource="beans/Accounts.hbm.xml" />
		<mapping resource="beans/Citys.hbm.xml" />
		<mapping resource="beans/Students.hbm.xml" />
		<mapping resource="beans/Questions.hbm.xml" />
		<mapping resource="beans/TestPapers.hbm.xml" />
		<mapping resource="beans/Tests.hbm.xml" />
		<mapping resource="beans/Classs.hbm.xml" />
		<mapping resource="beans/Papers.hbm.xml" />
		<mapping resource="beans/TestPapersClass.hbm.xml" />
		<mapping resource="beans/TestPapersPapers.hbm.xml" />
		<mapping resource="beans/TestPapersScore.hbm.xml" />
		<mapping resource="beans/TestPapersAnswers.hbm.xml" />

	</session-factory>

</hibernate-configuration>