<?xml version="1.0" encoding="UTF-8" ?>
<!DOCTYPE struts PUBLIC "-//Apache Software Foundation//DTD Struts Configuration 2.1//EN" "http://struts.apache.org/dtds/struts-2.1.dtd">
<struts>
	<constant name="struts.ognl.allowStaticMethodAccess" value="true"></constant>
	<package name="testSystem" namespace="/" extends="struts-default">
		<action name="*_*" class="actions.{1}Action" method="{2}">
			<result name="login_success">/index.jsp</result>
			<result name="login_fail" type="redirect">/login.jsp</result>
			<result name="loginOut" type="redirect">/login.jsp</result>
			<result name="upload_excel_success">/admin_tests.jsp?qtid=${qtid}</result>
			<result name="upload_excel_fail">/admin_tests.jsp?qtid=${qtid}</result>
			<result name="question_action" type="redirect">/admin_tests_op.jsp?status=${status}</result>
			<result name="papers_query">/admin_test_papers.jsp</result>
			<result name="papers_addRandom">/admin_test_papers_random.jsp</result>
			<result name="papers_addChoose">/admin_test_papers_choose.jsp</result>
			<result name="papers_start">/admin_test_start.jsp</result>
			<result name="test_end">/test_start.jsp</result>
		</action>
	</package>
</struts>