<?xml version="1.0" encoding="UTF-8"?>
<!DOCTYPE hibernate-reverse-engineering PUBLIC "-//Hibernate/Hibernate Reverse Engineering DTD 3.0//EN" "http://hibernate.sourceforge.net/hibernate-reverse-engineering-3.0.dtd" >

<hibernate-reverse-engineering>
	<table name="Tests" schema="dbo" catalog="TestSystem">
		<primary-key>
			<generator class="native"></generator>
		</primary-key>
	</table>
	<table name="TeachersType" schema="dbo" catalog="TestSystem">
		<primary-key>
			<generator class="native"></generator>
		</primary-key>
	</table>
	<table name="Teachers" schema="dbo" catalog="TestSystem">
		<primary-key>
			<generator class="native"></generator>
		</primary-key>
	</table>
	<table name="Students" schema="dbo" catalog="TestSystem">
		<primary-key>
			<generator class="native"></generator>
		</primary-key>
	</table>
	<table name="Stages" schema="dbo" catalog="TestSystem">
		<primary-key>
			<generator class="native"></generator>
		</primary-key>
	</table>
	<table name="Skills" schema="dbo" catalog="TestSystem">
		<primary-key>
			<generator class="native"></generator>
		</primary-key>
	</table>
	<table name="Rooms" schema="dbo" catalog="TestSystem">
		<primary-key>
			<generator class="native"></generator>
		</primary-key>
	</table>
	<table name="Roles" schema="dbo" catalog="TestSystem">
		<primary-key>
			<generator class="native"></generator>
		</primary-key>
	</table>
	<table name="Questions" schema="dbo" catalog="TestSystem">
		<primary-key>
			<generator class="native"></generator>
		</primary-key>
	</table>
	<table name="Provides" schema="dbo" catalog="TestSystem">
		<primary-key>
			<generator class="native"></generator>
		</primary-key>
	</table>
	<table name="Levels" schema="dbo" catalog="TestSystem">
		<primary-key>
			<generator class="native"></generator>
		</primary-key>
	</table>
	<table name="Doors" schema="dbo" catalog="TestSystem">
		<primary-key>
			<generator class="native"></generator>
		</primary-key>
	</table>
	<table name="Directions" schema="dbo" catalog="TestSystem">
		<primary-key>
			<generator class="native"></generator>
		</primary-key>
	</table>
	<table name="Courses" schema="dbo" catalog="TestSystem">
		<primary-key>
			<generator class="native"></generator>
		</primary-key>
	</table>
	<table name="Actions" schema="dbo" catalog="TestSystem">
		<primary-key>
			<generator class="native"></generator>
		</primary-key>
	</table>
	<table name="Citys" schema="dbo" catalog="TestSystem">
		<primary-key>
			<generator class="native"></generator>
		</primary-key>
	</table>
	<table name="Accounts" schema="dbo" catalog="TestSystem">
		<primary-key>
			<generator class="native"></generator>
		</primary-key>
	</table>
	<table name="Classs" schema="dbo" catalog="TestSystem">
		<primary-key>
			<generator class="native"></generator>
		</primary-key>
	</table>
	<table name="TestPapers" schema="dbo" catalog="TestSystem">
		<primary-key>
			<generator class="native"></generator>
		</primary-key>
	</table>
	<table name="Papers" schema="dbo" catalog="TestSystem">
		<primary-key>
			<generator class="native"></generator>
		</primary-key>
	</table>
	<table name="TestPapersClass" schema="dbo" catalog="TestSystem">
		<primary-key>
			<generator class="native"></generator>
		</primary-key>
	</table>
	<table name="TestPapersPapers" schema="dbo" catalog="TestSystem">
		<primary-key>
			<generator class="native"></generator>
		</primary-key>
	</table>
	<table name="TestPapersScore" schema="dbo" catalog="TestSystem">
		<primary-key>
			<generator class="native"></generator>
		</primary-key>
	</table>
	<table name="TestPapersAnswers" schema="dbo" catalog="TestSystem">
		<primary-key>
			<generator class="native"></generator>
		</primary-key>
	</table>
<table name="paper" schema="dbo" catalog="aikao">
	<primary-key>
		<generator class="native"></generator>
	</primary-key>
</table>
</hibernate-reverse-engineering>